ID,Type,Lat,Lng,Time,Place
ID_xyz8wmtcn,Trash,41.138088,24.9011586,"2/19/2026, 1:20:50 PM",LAHANO
ID_vqfuqtmsf,Trash,41.1348832,24.9021045,"2/19/2026, 1:23:20 PM",LAHANO
ID_zgeey462d,Trash,41.1351758,24.8995929,"2/19/2026, 1:25:54 PM",LAHANO
ID_j1pj05bmk,Trash,41.1361855,24.9021305,"2/19/2026, 1:27:55 PM",LAHANO
ID_dk2y9sg5y,Trash,41.1360358,24.901229,"2/19/2026, 1:28:56 PM",LAHANO
ID_whyg5bsfp,Trash,41.1360159,24.9011099,"2/19/2026, 1:28:59 PM",LAHANO
ID_ed4po3cit,Trash,41.1395931,24.9001275,"2/19/2026, 1:31:46 PM",LAHANO
ID_e6k0ntz38,Trash,41.1392624,24.8983399,"2/19/2026, 1:32:37 PM",LAHANO
ID_3ik84tenn,Trash,41.138996,24.8983317,"2/19/2026, 1:32:43 PM",LAHANO
ID_s3w7q9pgp,Trash,41.1370102,24.898244,"2/19/2026, 1:33:40 PM",LAHANO
ID_u73yxw7cz,Trash,41.137105,24.8982484,"2/19/2026, 1:33:48 PM",LAHANO
ID_t6j759y5z,Trash,41.137176,24.9004456,"2/19/2026, 1:35:22 PM",LAHANO
ID_8grj4s7k7,Trash,41.137176,24.9004456,"2/19/2026, 1:35:23 PM",LAHANO
ID_ult7nocqm,Trash,41.137176,24.9004456,"2/19/2026, 1:35:25 PM",LAHANO
ID_pne35u5pz,Trash,41.1385396,24.898922,"2/19/2026, 1:38:11 PM",LAHANO
ID_rink36xy5,Trash,41.1385396,24.898922,"2/19/2026, 1:38:11 PM",LAHANO
ID_fro0hosjj,Trash,41.1329292,24.898556,"2/19/2026, 1:41:48 PM",LAHANO
ID_i5n7j9ej6,Trash,41.133554,24.8980507,"2/19/2026, 1:42:04 PM",LAHANO
ID_qzan21s1v,Trash,41.133554,24.8980507,"2/19/2026, 1:42:04 PM",LAHANO
ID_vla9z4vbd,Trash,41.1344675,24.8974829,"2/19/2026, 1:42:31 PM",LAHANO
ID_vmf2pizag,Trash,41.1307215,24.8973654,"2/19/2026, 1:44:07 PM",LAHANO
ID_4z96cfz9z,Recycle,41.1314945,24.8961765,"2/19/2026, 1:45:01 PM",LAHANO
ID_93kem1prk,Recycle,41.1314945,24.8961765,"2/19/2026, 1:45:01 PM",LAHANO
ID_u55by5rcy,Trash,41.1314945,24.8961765,"2/19/2026, 1:45:02 PM",LAHANO
ID_ebvynfpe7,Trash,41.1305372,24.854353,"2/19/2026, 1:52:25 PM",XRYSA
ID_pp6glcflk,Trash,41.1313285,24.857273,"2/19/2026, 1:53:53 PM",XRYSA
ID_pbd1cms9f,Recycle,41.1313285,24.857273,"2/19/2026, 1:53:53 PM",XRYSA
ID_offb1drxv,Recycle,41.131983,24.8584723,"2/19/2026, 2:02:14 PM",XRYSA
ID_r2pihnww9,Recycle,41.131983,24.8584723,"2/19/2026, 2:02:14 PM",XRYSA
ID_xclcgwgjs,Trash,41.131983,24.8584723,"2/19/2026, 2:02:15 PM",XRYSA
ID_84pl3jhsd,Trash,41.132168,24.8590253,"2/19/2026, 2:02:25 PM",XRYSA
ID_jgq3v2204,Trash,41.132168,24.8590253,"2/19/2026, 2:02:26 PM",XRYSA
ID_6wzzea4vd,Trash,41.132168,24.8590253,"2/19/2026, 2:02:26 PM",XRYSA
ID_xhwn994di,Trash,41.132591,24.8606697,"2/19/2026, 2:02:46 PM",XRYSA
ID_onh3u4owc,Trash,41.132591,24.8606697,"2/19/2026, 2:02:47 PM",XRYSA
ID_q6dkpfikh,Trash,41.132591,24.8606697,"2/19/2026, 2:02:47 PM",XRYSA
ID_5x94wblor,Recycle,41.1326028,24.8607895,"2/19/2026, 2:02:51 PM",XRYSA
ID_7ide62yg7,Recycle,41.1326028,24.8607895,"2/19/2026, 2:02:52 PM",XRYSA
ID_hvze1ks2v,Recycle,41.1322498,24.8627394,"2/19/2026, 2:03:19 PM",XRYSA
ID_k08fj94fd,Trash,41.1322498,24.8627394,"2/19/2026, 2:03:19 PM",XRYSA
ID_it9thrxkf,Trash,41.1318243,24.863151,"2/19/2026, 2:03:42 PM",XRYSA
ID_4acg8ng2t,Trash,41.1318243,24.863151,"2/19/2026, 2:03:43 PM",XRYSA
ID_s48qdvre4,Recycle,41.1318243,24.863151,"2/19/2026, 2:03:43 PM",XRYSA
ID_cdushe192,Trash,41.1326582,24.8623529,"2/19/2026, 2:04:16 PM",XRYSA
ID_yp7az73m0,Trash,41.1330518,24.859963,"2/19/2026, 2:05:17 PM",XRYSA
ID_htkxucnzd,Trash,41.1330518,24.859963,"2/19/2026, 2:05:17 PM",XRYSA
ID_x04jfsf8k,Recycle,41.1330518,24.859963,"2/19/2026, 2:05:18 PM",XRYSA
ID_iqm5ih6wl,Trash,41.1336074,24.8597786,"2/19/2026, 2:05:43 PM",XRYSA
ID_bsa0823t1,Trash,41.1313796,24.8629429,"2/19/2026, 2:07:17 PM",XRYSA
ID_tssmj4w1y,Trash,41.1318722,24.8612876,"2/19/2026, 2:08:18 PM",XRYSA
ID_huuxvxe8x,Trash,41.1318722,24.8612876,"2/19/2026, 2:08:18 PM",XRYSA
ID_iqe1ekbyc,Trash,41.1314936,24.8618063,"2/19/2026, 2:09:44 PM",XRYSA
ID_davmib2wx,Trash,41.1314936,24.8618063,"2/19/2026, 2:09:44 PM",XRYSA
ID_07y5myfj6,Trash,41.1309274,24.8609628,"2/19/2026, 2:10:04 PM",XRYSA
ID_kumq12etj,Trash,41.1309274,24.8609628,"2/19/2026, 2:10:05 PM",XRYSA
ID_0rzfe3i6d,Recycle,41.1309274,24.8609628,"2/19/2026, 2:10:05 PM",XRYSA
ID_pe8g45usw,Trash,41.1301757,24.8599604,"2/19/2026, 2:10:37 PM",XRYSA
ID_e5r0t0zlx,Trash,41.1301757,24.8599604,"2/19/2026, 2:10:38 PM",XRYSA
ID_7gfsvyrfz,Recycle,41.1301757,24.8599604,"2/19/2026, 2:10:39 PM",XRYSA
ID_2wehreidm,Recycle,41.1301757,24.8599604,"2/19/2026, 2:10:39 PM",XRYSA
ID_33ie6pntw,Trash,41.1306489,24.8590186,"2/19/2026, 2:11:44 PM",XRYSA
ID_80tacfisk,Trash,41.1306489,24.8590186,"2/19/2026, 2:11:44 PM",XRYSA
ID_0w67sqt25,Recycle,41.1306618,24.8630939,"2/19/2026, 2:14:18 PM",XRYSA
ID_prqkqf6ex,Trash,41.13062,24.8630052,"2/19/2026, 2:14:20 PM",XRYSA
ID_ygwkxbnz7,Trash,41.13062,24.8630052,"2/19/2026, 2:14:21 PM",XRYSA
ID_swbfx9wyl,Recycle,41.1294625,24.8627515,"2/19/2026, 2:15:48 PM",XRYSA
ID_z03n5fs5b,Trash,41.1294625,24.8627515,"2/19/2026, 2:15:48 PM",XRYSA
ID_vaic4fyrn,Trash,41.1288268,24.8627975,"2/19/2026, 2:15:59 PM",XRYSA
ID_vxo5pnnu1,Recycle,41.1287356,24.8627963,"2/19/2026, 2:16:03 PM",XRYSA
ID_pul6l34ih,Trash,41.1300859,24.8613357,"2/19/2026, 2:17:53 PM",XRYSA
ID_s8q0ywe8l,Trash,41.1300859,24.8613357,"2/19/2026, 2:17:54 PM",XRYSA
ID_tmywd93or,Trash,41.1287297,24.8614234,"2/19/2026, 2:18:30 PM",XRYSA
ID_iplzevua3,Trash,41.1287297,24.8614234,"2/19/2026, 2:18:31 PM",XRYSA
ID_597zi38at,Recycle,41.1296754,24.859796,"2/19/2026, 2:19:21 PM",XRYSA
ID_78s30yaax,Recycle,41.1296754,24.859796,"2/19/2026, 2:19:21 PM",XRYSA
ID_hwzqfwxz0,Trash,41.1296754,24.859796,"2/19/2026, 2:19:22 PM",XRYSA
ID_p20ltz9ee,Trash,41.1296754,24.859796,"2/19/2026, 2:19:22 PM",XRYSA
ID_pcjmlbdph,Trash,41.1288058,24.8604453,"2/19/2026, 2:22:12 PM",XRYSA
ID_h970itz43,Trash,41.1288058,24.8604453,"2/19/2026, 2:22:12 PM",XRYSA
ID_qydu99ndr,Recycle,41.1278959,24.8635632,"2/19/2026, 2:25:31 PM",XRYSA
ID_76s4kxoxg,Trash,41.1278959,24.8635632,"2/19/2026, 2:25:32 PM",XRYSA
ID_0x22xtsew,Trash,41.1264947,24.8621384,"2/19/2026, 2:26:08 PM",XRYSA
ID_28acifgkx,Trash,41.1264947,24.8621384,"2/19/2026, 2:26:09 PM",XRYSA
ID_7cegx8xo5,Trash,41.1248943,24.860506,"2/19/2026, 2:26:58 PM",XRYSA
ID_magrb5otq,Trash,41.1248943,24.860506,"2/19/2026, 2:26:59 PM",XRYSA
ID_xpdkoasc5,Recycle,41.1248903,24.8603096,"2/19/2026, 2:27:04 PM",XRYSA
ID_n0iwm34dp,Recycle,41.1248903,24.8603096,"2/19/2026, 2:27:04 PM",XRYSA
ID_ajutpsag1,Recycle,41.1249109,24.8596938,"2/19/2026, 2:29:09 PM",XRYSA
ID_ulqww3dtp,Trash,41.1249109,24.8596938,"2/19/2026, 2:29:09 PM",XRYSA
ID_c8g56fo85,Trash,41.1249109,24.8596938,"2/19/2026, 2:29:10 PM",XRYSA
ID_rz2d3yi8m,Trash,41.1255275,24.8598928,"2/19/2026, 2:29:24 PM",XRYSA
ID_rzbk6v89i,Trash,41.1255275,24.8598928,"2/19/2026, 2:29:24 PM",XRYSA
ID_sjwttvs2f,Recycle,41.1254396,24.8598618,"2/19/2026, 2:29:27 PM",XRYSA
ID_t01u2vhk2,Recycle,41.1254396,24.8598618,"2/19/2026, 2:29:27 PM",XRYSA
ID_s9pmgslxz,Trash,41.1263424,24.860563,"2/19/2026, 2:29:56 PM",XRYSA
ID_6cbsm3ee9,Trash,41.1277279,24.8595247,"2/19/2026, 2:32:28 PM",XRYSA
ID_gvvj8vvp9,Trash,41.1278365,24.8574122,"2/19/2026, 2:35:22 PM",XRYSA
ID_ne15wv9yl,Trash,41.1279258,24.8542644,"2/19/2026, 2:36:31 PM",XRYSA
ID_335enhj1c,Trash,41.1262887,24.8569182,"2/19/2026, 2:37:52 PM",XRYSA
ID_mui9f94qx,Trash,41.1271362,24.8588982,"2/19/2026, 2:38:33 PM",XRYSA
ID_g6y8hqtdd,Trash,41.1271362,24.8588982,"2/19/2026, 2:38:33 PM",XRYSA
ID_ju20su44y,Trash,41.1271362,24.8588982,"2/19/2026, 2:38:34 PM",XRYSA
ID_y79vyk06z,Trash,41.1260969,24.8591895,"2/19/2026, 2:39:30 PM",XRYSA
ID_xcbwnqs2u,Trash,41.1260969,24.8591895,"2/19/2026, 2:39:31 PM",XRYSA
ID_b60y4oqy4,Trash,41.1260969,24.8591895,"2/19/2026, 2:39:31 PM",XRYSA
ID_ifhs81sb0,Trash,41.1192859,24.8575453,"2/19/2026, 3:50:08 PM",KALLITH
ID_rkpbr07kx,Trash,41.1210629,24.8592234,"2/19/2026, 3:51:29 PM",KALLITH
ID_fnrz59wx2,Trash,41.1194196,24.860242,"2/19/2026, 3:53:28 PM",KALLITH
ID_mk828gx4g,Trash,41.1176446,24.8609876,"2/19/2026, 3:54:03 PM",KALLITH
ID_zlzmv0hhh,Trash,41.1171266,24.8612365,"2/19/2026, 3:54:13 PM",KALLITH
ID_btfnos9or,Trash,41.1164209,24.8614374,"2/19/2026, 3:54:30 PM",KALLITH
ID_gbncv6tjj,Recycle,41.1164209,24.8614374,"2/19/2026, 3:54:30 PM",KALLITH
ID_13fzjtgab,Trash,41.1158929,24.8616342,"2/19/2026, 3:55:09 PM",KALLITH
ID_x9u2vm8zb,Trash,41.1165293,24.8720752,"2/19/2026, 3:56:30 PM",KALLITH
ID_vc7rcoset,Trash,41.1165293,24.8720752,"2/19/2026, 3:56:31 PM",KALLITH
ID_4b61tryzy,Recycle,41.1195407,24.8704127,"2/19/2026, 3:59:50 PM",KALLITH
ID_9iu9xqpep,Trash,41.1195407,24.8704127,"2/19/2026, 3:59:50 PM",KALLITH
ID_lsszvgo37,Recycle,41.1204801,24.8667831,"2/19/2026, 4:00:38 PM",KALLITH
ID_7m3mfnh3j,Trash,41.1204801,24.8667831,"2/19/2026, 4:00:39 PM",KALLITH
ID_qln8w74ov,Trash,41.1204801,24.8667831,"2/19/2026, 4:00:39 PM",KALLITH
ID_u09i36qi0,Trash,41.1208337,24.8660953,"2/19/2026, 4:00:58 PM",KALLITH
ID_bspzvi4wz,Trash,41.1209827,24.8655136,"2/19/2026, 4:01:13 PM",KALLITH
ID_2yp8vr90a,Trash,41.1211617,24.8649348,"2/19/2026, 4:01:29 PM",KALLITH
ID_e92snpcq2,Trash,41.1211617,24.8649348,"2/19/2026, 4:01:29 PM",KALLITH
ID_7my1vn7bj,Trash,41.1215549,24.8636886,"2/19/2026, 4:01:45 PM",KALLITH
ID_xlwj4optx,Trash,41.1215549,24.8636886,"2/19/2026, 4:01:45 PM",KALLITH
ID_8rj7iq6wp,Trash,41.12183,24.862786,"2/19/2026, 4:01:59 PM",KALLITH
ID_13gjmw9ge,Trash,41.12183,24.862786,"2/19/2026, 4:01:59 PM",KALLITH
ID_fzpfkyh5h,Trash,41.1221516,24.8621265,"2/19/2026, 4:02:11 PM",KALLITH
ID_i030iyyja,Trash,41.1221516,24.8621265,"2/19/2026, 4:02:13 PM",KALLITH
ID_46x5skiuj,Recycle,41.1221516,24.8621265,"2/19/2026, 4:02:14 PM",KALLITH
ID_m4ykjesij,Trash,41.1194589,24.8629149,"2/19/2026, 4:05:38 PM",KALLITH
ID_owp0jcdwf,Trash,41.1198809,24.862925,"2/19/2026, 4:05:49 PM",KALLITH
ID_2gjun39ty,Trash,41.118902,24.8625037,"2/19/2026, 4:06:26 PM",KALLITH
ID_vqovsyw91,Trash,41.1182258,24.8629818,"2/19/2026, 4:06:50 PM",KALLITH
ID_jwaradvh5,Underground,41.1182175,24.8636265,"2/19/2026, 4:07:07 PM",KALLITH
ID_cu4du4grv,Underground,41.1182175,24.8636265,"2/19/2026, 4:07:08 PM",KALLITH
ID_3gcg02zfx,Recycle,41.1182911,24.8637199,"2/19/2026, 4:07:16 PM",KALLITH
ID_wu2gm5cqj,Recycle,41.1182911,24.8637199,"2/19/2026, 4:07:17 PM",KALLITH
ID_x6j3n4s6o,Recycle,41.1182663,24.8657609,"2/19/2026, 4:07:51 PM",KALLITH
ID_2a9ae9yma,Recycle,41.1182663,24.8657609,"2/19/2026, 4:07:52 PM",KALLITH
ID_tn0girwmz,Trash,41.1190465,24.8655963,"2/19/2026, 4:08:27 PM",KALLITH
ID_745ewr6m9,Organic,41.1191173,24.8655571,"2/19/2026, 4:08:30 PM",KALLITH
ID_sf8zjiugw,Recycle,41.1190767,24.8648896,"2/19/2026, 4:09:04 PM",KALLITH
ID_p98ktzkz3,Underground,41.1190817,24.8647705,"2/19/2026, 4:09:07 PM",KALLITH
ID_pk4zjumak,Underground,41.1190817,24.8647705,"2/19/2026, 4:09:08 PM",KALLITH
ID_z33tfeft0,Recycle,41.1191176,24.8640499,"2/19/2026, 4:09:34 PM",KALLITH
ID_r68t11quv,Organic,41.1187371,24.8638636,"2/19/2026, 4:09:58 PM",KALLITH
ID_cn1gqccvb,Recycle,41.1187371,24.8638636,"2/19/2026, 4:09:59 PM",KALLITH
ID_x6yx9dcor,Trash,41.1186452,24.8638322,"2/19/2026, 4:10:02 PM",KALLITH
ID_gv5ya4lu4,Organic,41.1195808,24.8633373,"2/19/2026, 4:10:48 PM",KALLITH
ID_ovm8olw7p,Organic,41.1195808,24.8633373,"2/19/2026, 4:10:48 PM",KALLITH
ID_c9r5cinae,Trash,41.1195808,24.8633373,"2/19/2026, 4:10:49 PM",KALLITH
ID_zdz9k1o4w,Recycle,41.1195485,24.8645681,"2/19/2026, 4:11:38 PM",KALLITH
ID_sh85z29n9,Recycle,41.1195485,24.8645681,"2/19/2026, 4:11:38 PM",KALLITH
ID_fomdwd7ny,Trash,41.1198954,24.8649666,"2/19/2026, 4:12:02 PM",KALLITH
ID_h395slz1n,Recycle,41.1198954,24.8649666,"2/19/2026, 4:12:02 PM",KALLITH
ID_vc8r5oky9,Organic,41.1198954,24.8649666,"2/19/2026, 4:12:03 PM",KALLITH
ID_61gj9ojhd,Recycle,41.1202325,24.865391,"2/19/2026, 4:12:32 PM",KALLITH
ID_gyzry3g7w,Trash,41.1202325,24.865391,"2/19/2026, 4:12:33 PM",KALLITH
ID_6vrij9t2c,Trash,41.1202325,24.865391,"2/19/2026, 4:12:34 PM",KALLITH
ID_ytjcdojj7,Trash,41.1202325,24.865391,"2/19/2026, 4:12:34 PM",KALLITH
ID_jipwmrbg6,Trash,41.1204801,24.8667831,"2/19/2026, 4:13:22 PM",KALLITH
ID_zgbjb56wv,Trash,41.1204801,24.8667831,"2/19/2026, 4:13:23 PM",KALLITH
ID_oz67amuvs,Recycle,41.1204801,24.8667831,"2/19/2026, 4:13:23 PM",KALLITH
ID_sxnamxiau,Trash,41.1198178,24.8668772,"2/19/2026, 4:13:42 PM",KALLITH
ID_lf58wq36y,Recycle,41.1193781,24.8664642,"2/19/2026, 4:13:50 PM",KALLITH
ID_zg2hdka9a,Trash,41.1193781,24.8664642,"2/19/2026, 4:13:51 PM",KALLITH
ID_1jtwnz0o1,Recycle,41.120415,24.8635972,"2/19/2026, 4:14:42 PM",KALLITH
ID_c2jaq4tae,Trash,41.120415,24.8635972,"2/19/2026, 4:14:43 PM",KALLITH
ID_scmvsjiu3,Trash,41.120415,24.8635972,"2/19/2026, 4:14:44 PM",KALLITH
ID_m7p5wffl4,Trash,41.1278959,24.8635632,"2/19/2026, 4:20:06 PM",HOSPITAL
ID_dwyc5mn42,Recycle,41.1278959,24.8635632,"2/19/2026, 4:20:06 PM",HOSPITAL
ID_6alm3hvm6,Trash,41.1264947,24.8621384,"2/19/2026, 4:20:20 PM",HOSPITAL
ID_w5bvx3gcj,Trash,41.1264947,24.8621384,"2/19/2026, 4:20:20 PM",HOSPITAL
ID_ysbx0mlrh,Recycle,41.1249584,24.8604045,"2/19/2026, 4:20:48 PM",HOSPITAL
ID_hgp3bd8gf,Recycle,41.1249584,24.8604045,"2/19/2026, 4:20:48 PM",HOSPITAL
ID_4uupgxwec,Trash,41.1248943,24.860506,"2/19/2026, 4:20:52 PM",HOSPITAL
ID_kod4tj9zm,Trash,41.1248943,24.860506,"2/19/2026, 4:20:52 PM",HOSPITAL
ID_mw66un7tb,Trash,41.1258012,24.8679829,"2/19/2026, 4:24:26 PM",HOSPITAL
ID_qq56ihjft,Recycle,41.1224021,24.8694792,"2/19/2026, 4:25:46 PM",HOSPITAL
ID_7seua77ej,Trash,41.1210742,24.8673444,"2/19/2026, 4:27:11 PM",HOSPITAL
ID_img950cdo,Trash,41.1210742,24.8673444,"2/19/2026, 4:27:11 PM",HOSPITAL
ID_8r3flg43w,Recycle,41.1210742,24.8673444,"2/19/2026, 4:27:14 PM",HOSPITAL
ID_9z2vytv9o,Trash,41.1223817,24.865551,"2/19/2026, 4:31:50 PM",HOSPITAL
ID_3celabfz3,Trash,41.1223817,24.865551,"2/19/2026, 4:31:50 PM",HOSPITAL
ID_rj0ge05lb,Recycle,41.1224425,24.8654547,"2/19/2026, 4:31:52 PM",HOSPITAL
ID_3s145ioqa,Trash,41.1235426,24.8649086,"2/19/2026, 4:32:15 PM",HOSPITAL
ID_ppmkaf9ay,Trash,41.1235426,24.8649086,"2/19/2026, 4:32:16 PM",HOSPITAL
ID_k61eldxty,Trash,41.1235426,24.8649086,"2/19/2026, 4:32:16 PM",HOSPITAL
ID_xwydvwu3k,Trash,41.1262912,24.8673468,"2/19/2026, 4:34:41 PM",HOSPITAL
ID_0ba37q9yb,Trash,41.1262912,24.8673468,"2/19/2026, 4:34:41 PM",HOSPITAL
ID_tdvt6s8fp,Recycle,41.1262912,24.8673468,"2/19/2026, 4:34:41 PM",HOSPITAL
ID_eu9bo56u5,Trash,41.1258012,24.8679829,"2/19/2026, 4:34:54 PM",HOSPITAL
ID_9cld35x1p,Trash,41.1250514,24.8640279,"2/19/2026, 4:36:40 PM",HOSPITAL
ID_9z9wh1mn4,Trash,41.1250514,24.8640279,"2/19/2026, 4:36:41 PM",HOSPITAL
ID_3f2hoh3jj,Trash,41.1250514,24.8640279,"2/19/2026, 4:36:41 PM",HOSPITAL
ID_rc7dtrbvi,Recycle,41.1250514,24.8640279,"2/19/2026, 4:36:42 PM",HOSPITAL
ID_3zocztmq7,Trash,41.1266098,24.8637739,"2/19/2026, 4:45:03 PM",HOSPITAL
ID_vnl3fs8y6,Trash,41.1266098,24.8637739,"2/19/2026, 4:45:03 PM",HOSPITAL
ID_kn3buys0y,Trash,41.1275358,24.8655213,"2/19/2026, 4:45:56 PM",HOSPITAL
ID_qrcgseb4u,Recycle,41.1275983,24.8654297,"2/19/2026, 4:45:58 PM",HOSPITAL
ID_0im18jb4o,Trash,41.130411,24.8721951,"2/19/2026, 4:55:51 PM",EKTENEPOL
ID_i1lshsep7,Trash,41.1278049,24.8743701,"2/19/2026, 4:57:30 PM",EKTENEPOL
ID_u7xi6r3bq,Trash,41.1278049,24.8743701,"2/19/2026, 4:57:30 PM",EKTENEPOL
ID_t0inamzv2,Trash,41.1264414,24.8768313,"2/19/2026, 5:02:12 PM",EKTENEPOL
ID_lottvpi44,Trash,41.1264414,24.8768313,"2/19/2026, 5:02:13 PM",EKTENEPOL
ID_orf0vze8l,Trash,41.1264414,24.8768313,"2/19/2026, 5:02:13 PM",EKTENEPOL
ID_i2c4i9g9w,Recycle,41.1263549,24.8768667,"2/19/2026, 5:02:16 PM",EKTENEPOL
ID_nd8z3zwxg,Recycle,41.1254268,24.8772191,"2/19/2026, 5:02:35 PM",EKTENEPOL
ID_8uot1zboi,Underground,41.1253131,24.8772601,"2/19/2026, 5:02:40 PM",EKTENEPOL
ID_0i54tt3vl,Underground,41.1253131,24.8772601,"2/19/2026, 5:02:41 PM",EKTENEPOL
ID_h13f7wbex,Trash,41.1249242,24.8775501,"2/19/2026, 5:02:55 PM",EKTENEPOL
ID_uo2nrtp9k,Trash,41.1244805,24.8781421,"2/19/2026, 5:03:11 PM",EKTENEPOL
ID_d40dqxe7i,Trash,41.124205,24.8784526,"2/19/2026, 5:03:24 PM",EKTENEPOL
ID_qhd2wlrkx,Recycle,41.1241372,24.8785343,"2/19/2026, 5:03:26 PM",EKTENEPOL
ID_bsf56u3ng,Recycle,41.1241372,24.8785343,"2/19/2026, 5:03:26 PM",EKTENEPOL
ID_ncys1o5ep,Recycle,41.1241372,24.8785343,"2/19/2026, 5:03:26 PM",EKTENEPOL
ID_y80dw4p9r,Trash,41.1265018,24.8789184,"2/19/2026, 5:04:09 PM",EKTENEPOL
ID_x0nzdlbxn,Recycle,41.1258731,24.8780449,"2/19/2026, 5:04:23 PM",EKTENEPOL
ID_8xz37hk7n,Trash,41.1258731,24.8780449,"2/19/2026, 5:04:23 PM",EKTENEPOL
ID_xpa99sbrj,Trash,41.1258731,24.8780449,"2/19/2026, 5:04:24 PM",EKTENEPOL
ID_adkwdlm15,Organic,41.1267647,24.877715,"2/19/2026, 5:04:50 PM",EKTENEPOL
ID_xir0838rg,Trash,41.1267647,24.877715,"2/19/2026, 5:04:51 PM",EKTENEPOL
ID_bi9wguh9n,Trash,41.1244418,24.8736029,"2/19/2026, 5:07:56 PM",EKTENEPOL
ID_wmcagqanz,Organic,41.1244418,24.8736029,"2/19/2026, 5:07:57 PM",EKTENEPOL
ID_5vr7fsxru,Recycle,41.1244418,24.8736029,"2/19/2026, 5:08:02 PM",EKTENEPOL
ID_c28kjxp2d,Recycle,41.1244418,24.8736029,"2/19/2026, 5:08:03 PM",EKTENEPOL
ID_klr7io5sd,Organic,41.12402,24.8741163,"2/19/2026, 5:08:21 PM",EKTENEPOL
ID_y38o9fw8t,Organic,41.12402,24.8741163,"2/19/2026, 5:08:21 PM",EKTENEPOL
ID_hh5ntuoxg,Recycle,41.12402,24.8741163,"2/19/2026, 5:08:22 PM",EKTENEPOL
ID_ahz4y4bfy,Recycle,41.12402,24.8741163,"2/19/2026, 5:08:22 PM",EKTENEPOL
ID_7x25e6jky,Trash,41.1228841,24.8755313,"2/19/2026, 5:08:58 PM",EKTENEPOL
ID_2p44mykl5,Trash,41.1228841,24.8755313,"2/19/2026, 5:08:59 PM",EKTENEPOL
ID_gcmqxpmm7,Trash,41.1228841,24.8755313,"2/19/2026, 5:08:59 PM",EKTENEPOL
ID_hum53nx6t,Recycle,41.1228841,24.8755313,"2/19/2026, 5:09:00 PM",EKTENEPOL
ID_ku3jqdvzj,Recycle,41.1228841,24.8755313,"2/19/2026, 5:09:00 PM",EKTENEPOL
ID_egeses6sf,Recycle,41.1223446,24.8762026,"2/19/2026, 5:09:21 PM",EKTENEPOL
ID_lea6vwyg6,Trash,41.1223446,24.8762026,"2/19/2026, 5:09:21 PM",EKTENEPOL
ID_b118jo2k6,Trash,41.1223446,24.8762026,"2/19/2026, 5:09:22 PM",EKTENEPOL
ID_38uyfvp7w,Trash,41.1229909,24.8774441,"2/19/2026, 5:09:37 PM",EKTENEPOL
ID_tyfckxzhh,Trash,41.1229909,24.8774441,"2/19/2026, 5:09:38 PM",EKTENEPOL
ID_sq79jamq5,Recycle,41.1239091,24.875014,"2/19/2026, 5:10:23 PM",EKTENEPOL
ID_rmou4hy74,Trash,41.1239667,24.8751021,"2/19/2026, 5:10:26 PM",EKTENEPOL
ID_53d3wv6m6,Recycle,41.124342,24.8760646,"2/19/2026, 5:11:50 PM",EKTENEPOL
ID_f3gu0fcvf,Underground,41.1244075,24.8761496,"2/19/2026, 5:11:54 PM",EKTENEPOL
ID_qpom80ogm,Underground,41.1244075,24.8761496,"2/19/2026, 5:11:55 PM",EKTENEPOL
ID_wi763e2bs,Trash,41.1250395,24.875136,"2/19/2026, 5:12:53 PM",EKTENEPOL
ID_r6hrt6p52,Trash,41.1250395,24.875136,"2/19/2026, 5:12:53 PM",EKTENEPOL
ID_svjoxro24,Recycle,41.1250395,24.875136,"2/19/2026, 5:12:54 PM",EKTENEPOL
ID_pdt6vrysr,Trash,41.1256406,24.8749123,"2/19/2026, 5:13:10 PM",EKTENEPOL
ID_exzaodu9r,Trash,41.1260529,24.875579,"2/19/2026, 5:13:21 PM",EKTENEPOL
ID_ool3v7lz9,Trash,41.1260529,24.875579,"2/19/2026, 5:13:21 PM",EKTENEPOL
ID_avi61ionj,Trash,41.1252815,24.8766113,"2/19/2026, 5:14:02 PM",EKTENEPOL
ID_622zp8nw3,Trash,41.1252815,24.8766113,"2/19/2026, 5:14:03 PM",EKTENEPOL
ID_ncqrallle,Recycle,41.1252815,24.8766113,"2/19/2026, 5:14:04 PM",EKTENEPOL
ID_ytv1avy51,Trash,41.1239596,24.8716808,"2/19/2026, 5:15:27 PM",EKTENEPOL
ID_7w44gvv7f,Recycle,41.1229362,24.8718757,"2/19/2026, 5:15:50 PM",EKTENEPOL
ID_q0a6ondy9,Recycle,41.1229362,24.8718757,"2/19/2026, 5:15:51 PM",EKTENEPOL
ID_orl5amiib,Trash,41.1228694,24.8719581,"2/19/2026, 5:15:54 PM",EKTENEPOL
ID_wcsb1p5ce,Trash,41.1228694,24.8719581,"2/19/2026, 5:15:55 PM",EKTENEPOL
ID_norwznrcx,Trash,41.1212101,24.8740303,"2/19/2026, 5:21:22 PM",EKTENEPOL
ID_9cjftvng8,Trash,41.1213625,24.8751764,"2/19/2026, 5:21:53 PM",EKTENEPOL
ID_cpbctkkuf,Trash,41.1213625,24.8751764,"2/19/2026, 5:21:53 PM",EKTENEPOL
ID_z097fbxdy,Recycle,41.1214405,24.8752655,"2/19/2026, 5:21:55 PM",EKTENEPOL
ID_4cwkg9f0d,Recycle,41.1214405,24.8752655,"2/19/2026, 5:21:55 PM",EKTENEPOL
ID_bg1uvmdgh,Trash,41.1206138,24.8768913,"2/19/2026, 5:23:10 PM",EKTENEPOL
ID_57l30diye,Recycle,41.1206138,24.8768913,"2/19/2026, 5:23:11 PM",EKTENEPOL
ID_b78d42hlk,Trash,41.1182824,24.8741058,"2/19/2026, 5:25:02 PM",EKTENEPOL
ID_y133ta8ke,Trash,41.1182824,24.8741058,"2/19/2026, 5:25:02 PM",EKTENEPOL
ID_hwywsq2nw,Trash,41.1165293,24.8720752,"2/19/2026, 5:26:06 PM",EKTENEPOL
ID_mql8joho0,Trash,41.1151288,24.869674,"2/19/2026, 5:27:04 PM",EKTENEPOL
ID_kx3o53zof,Trash,41.1151288,24.869674,"2/19/2026, 5:27:04 PM",EKTENEPOL
ID_pkc98iy3o,Trash,41.1133811,24.869813,"2/19/2026, 5:27:45 PM",EKTENEPOL
ID_dxcgvtdbg,Trash,41.1133811,24.869813,"2/19/2026, 5:27:46 PM",EKTENEPOL
ID_6h3v8lwpj,Trash,41.1135095,24.8708192,"2/19/2026, 5:28:13 PM",EKTENEPOL
ID_1tknlowml,Trash,41.1135095,24.8708192,"2/19/2026, 5:28:13 PM",EKTENEPOL
ID_rz41xz9ia,Trash,41.1138196,24.8710944,"2/19/2026, 5:28:37 PM",EKTENEPOL
ID_nc393cy44,Trash,41.1147503,24.8714543,"2/19/2026, 5:29:12 PM",EKTENEPOL
ID_7393g8kpr,Recycle,41.1143071,24.8715254,"2/19/2026, 5:29:23 PM",EKTENEPOL
ID_icyf4kwxe,Trash,41.1143071,24.8715254,"2/19/2026, 5:29:24 PM",EKTENEPOL
ID_wyapprmvd,Trash,41.1143071,24.8715254,"2/19/2026, 5:29:24 PM",EKTENEPOL
ID_ceihicxby,Trash,41.1186519,24.8755324,"2/19/2026, 5:33:02 PM",EKTENEPOL
ID_d2kv9rknd,Trash,41.1186519,24.8755324,"2/19/2026, 5:33:03 PM",EKTENEPOL
ID_ludee5qw0,Trash,41.1193899,24.878949,"2/19/2026, 5:34:34 PM",EKTENEPOL
ID_ccoemebpj,Trash,41.119827,24.8783569,"2/19/2026, 5:34:47 PM",EKTENEPOL
ID_m853kbe8k,Trash,41.119827,24.8783569,"2/19/2026, 5:34:47 PM",EKTENEPOL
ID_tbj2zrdin,Trash,41.1203406,24.8770119,"2/19/2026, 5:35:06 PM",EKTENEPOL
ID_idvoi1el0,Trash,41.119884,24.8765808,"2/19/2026, 5:35:20 PM",EKTENEPOL
ID_bs65akvfo,Trash,41.1196553,24.8763697,"2/19/2026, 5:35:26 PM",EKTENEPOL
ID_7fsmpvff9,Trash,41.1196553,24.8763697,"2/19/2026, 5:35:26 PM",EKTENEPOL
ID_2pf98r4eo,Recycle,41.1192251,24.876045,"2/19/2026, 5:35:47 PM",EKTENEPOL
ID_sf9dbgf9c,Trash,41.1192251,24.876045,"2/19/2026, 5:35:48 PM",EKTENEPOL
ID_dhedyazre,Trash,41.1192251,24.876045,"2/19/2026, 5:35:48 PM",EKTENEPOL
ID_emxg0gbxe,Trash,41.1184105,24.8753146,"2/19/2026, 5:36:02 PM",EKTENEPOL
ID_thakpae71,Trash,41.1208796,24.8776963,"2/19/2026, 5:36:42 PM",EKTENEPOL
ID_mycjg4zd6,Trash,41.1220445,24.8796479,"2/19/2026, 5:37:27 PM",EKTENEPOL
ID_qa1wauebt,Trash,41.1223276,24.8801259,"2/19/2026, 5:37:34 PM",EKTENEPOL
ID_wq2jnk9w2,Trash,41.121931,24.8815909,"2/19/2026, 5:38:04 PM",EKTENEPOL
ID_trw39o9ab,Trash,41.1214399,24.8818823,"2/19/2026, 5:38:13 PM",EKTENEPOL
ID_8z4fo4vyo,Trash,41.1218948,24.8834591,"2/19/2026, 5:38:52 PM",EKTENEPOL
ID_uzs6herf6,Trash,41.1229343,24.8822423,"2/19/2026, 5:39:08 PM",EKTENEPOL
ID_5fqg24equ,Trash,41.125305,24.8831296,"2/19/2026, 5:40:56 PM",EKTENEPOL
ID_2guf0vm5p,Trash,41.1258183,24.8834891,"2/19/2026, 5:41:06 PM",EKTENEPOL
ID_rlvwz3apw,Recycle,41.1258183,24.8834891,"2/19/2026, 5:41:06 PM",EKTENEPOL
ID_c4pwqtfr5,Recycle,41.1258183,24.8834891,"2/19/2026, 5:41:07 PM",EKTENEPOL
ID_97fy7v1gz,Trash,41.1260271,24.8836318,"2/19/2026, 5:41:12 PM",EKTENEPOL
ID_4r0yyfcwd,Recycle,41.1260271,24.8836318,"2/19/2026, 5:41:13 PM",EKTENEPOL
ID_hrjtbtzfq,Trash,41.1265818,24.8840146,"2/19/2026, 5:41:23 PM",EKTENEPOL
ID_bgx565fc8,Trash,41.1303745,24.8703076,"2/19/2026, 5:46:39 PM",DYT_STRAT
ID_cgorrboxa,Trash,41.1303745,24.8703076,"2/19/2026, 5:46:39 PM",DYT_STRAT
ID_4ywqi9ffw,Trash,41.1320627,24.8700468,"2/19/2026, 5:47:13 PM",DYT_STRAT
ID_cfel9nsml,Recycle,41.1322324,24.8707002,"2/19/2026, 5:47:43 PM",DYT_STRAT
ID_6q3qa52bg,Trash,41.1319006,24.8715358,"2/19/2026, 5:48:08 PM",DYT_STRAT
ID_zjkw4blth,Trash,41.1324789,24.8719064,"2/19/2026, 5:48:24 PM",DYT_STRAT
ID_i7o09ljlh,Trash,41.1324789,24.8719064,"2/19/2026, 5:48:24 PM",DYT_STRAT
ID_zw0nvl01u,Recycle,41.1325594,24.8719527,"2/19/2026, 5:48:28 PM",DYT_STRAT
ID_d64vvrtdh,Recycle,41.1325594,24.8719527,"2/19/2026, 5:48:28 PM",DYT_STRAT
ID_z3bmr66cz,Trash,41.1330534,24.8718469,"2/19/2026, 5:49:33 PM",DYT_STRAT
ID_nrccnkxyy,Trash,41.1330534,24.8718469,"2/19/2026, 5:49:34 PM",DYT_STRAT
ID_rbz9pyocc,Recycle,41.1331277,24.8718216,"2/19/2026, 5:49:37 PM",DYT_STRAT
ID_zd2mpgp60,Recycle,41.1331277,24.8718216,"2/19/2026, 5:49:38 PM",DYT_STRAT
ID_cnvyyjpi0,Trash,41.1327807,24.8688742,"2/19/2026, 5:50:05 PM",DYT_STRAT
ID_l23gxnfc8,Trash,41.1327807,24.8688742,"2/19/2026, 5:50:08 PM",DYT_STRAT
ID_i9tcypsdr,Recycle,41.1327807,24.8688742,"2/19/2026, 5:50:09 PM",DYT_STRAT
ID_qvr3ru3pl,Recycle,41.1337005,24.8706577,"2/19/2026, 5:52:31 PM",DYT_STRAT
ID_a6n884lx2,Trash,41.1337005,24.8706577,"2/19/2026, 5:52:31 PM",DYT_STRAT
ID_djm3mmrqk,Recycle,41.1352624,24.8719776,"2/19/2026, 5:53:10 PM",DYT_STRAT
ID_buzfacnvj,Trash,41.1352624,24.8719776,"2/19/2026, 5:53:11 PM",DYT_STRAT
ID_5urapll08,Trash,41.1345229,24.8720359,"2/19/2026, 5:53:29 PM",DYT_STRAT
ID_fyiof2kxn,Recycle,41.1345229,24.8720359,"2/19/2026, 5:53:29 PM",DYT_STRAT
ID_sx2a8zswh,Trash,41.1348943,24.8694892,"2/19/2026, 5:54:27 PM",DYT_STRAT
ID_l1t1fttnm,Trash,41.1348943,24.8694892,"2/19/2026, 5:54:28 PM",DYT_STRAT
ID_v63nf9rto,Trash,41.1325678,24.8686205,"2/19/2026, 5:55:53 PM",DYT_STRAT
ID_zg9i05hc1,Trash,41.132467,24.8669755,"2/19/2026, 5:56:23 PM",DYT_STRAT
ID_19a67h1xz,Recycle,41.1324656,24.8671182,"2/19/2026, 5:56:25 PM",DYT_STRAT
ID_wgmmmuni2,Trash,41.1324974,24.8675917,"2/19/2026, 5:56:33 PM",DYT_STRAT
ID_tb51lll9n,Trash,41.1316628,24.864104,"2/19/2026, 6:00:00 PM",DYT_STRAT
ID_ly4k29t3s,Trash,41.1316628,24.864104,"2/19/2026, 6:00:01 PM",DYT_STRAT
ID_fvc4nm3jl,Recycle,41.1311972,24.865138,"2/19/2026, 6:00:30 PM",DYT_STRAT
ID_4azgsxwtl,Organic,41.1305386,24.8658858,"2/19/2026, 6:01:02 PM",DYT_STRAT
ID_1svsbd1vp,Recycle,41.1305439,24.866005,"2/19/2026, 6:01:04 PM",DYT_STRAT
ID_jl9ou5g7l,Trash,41.1306229,24.8670238,"2/19/2026, 6:01:17 PM",DYT_STRAT
ID_0nfir9tfa,Trash,41.1309897,24.86829,"2/19/2026, 6:01:32 PM",DYT_STRAT
ID_oczxrmyp6,Organic,41.1318251,24.8686174,"2/19/2026, 6:01:48 PM",DYT_STRAT
ID_cmgpmvohz,Recycle,41.1321005,24.8660006,"2/19/2026, 6:02:35 PM",DYT_STRAT
ID_tekts6h45,Trash,41.1321005,24.8660006,"2/19/2026, 6:02:35 PM",DYT_STRAT
ID_3qlnoeve2,Recycle,41.1325414,24.8659515,"2/19/2026, 6:02:44 PM",DYT_STRAT
ID_7cgk96eet,Recycle,41.1325414,24.8659515,"2/19/2026, 6:02:44 PM",DYT_STRAT
ID_bj1jn3xg7,Trash,41.1325414,24.8659515,"2/19/2026, 6:02:45 PM",DYT_STRAT
ID_sznz8vlrw,Trash,41.1325414,24.8659515,"2/19/2026, 6:02:45 PM",DYT_STRAT
ID_8boklugwa,Trash,41.1318767,24.8670172,"2/19/2026, 6:03:29 PM",DYT_STRAT
ID_bias7ptr0,Recycle,41.1318767,24.8670172,"2/19/2026, 6:03:30 PM",DYT_STRAT
ID_stisw8nu6,Organic,41.1312946,24.8675405,"2/19/2026, 6:03:52 PM",DYT_STRAT
ID_l1804ptg0,Recycle,41.1312023,24.8661993,"2/19/2026, 6:04:06 PM",DYT_STRAT
ID_d5s9tag59,Trash,41.1312023,24.8661993,"2/19/2026, 6:04:06 PM",DYT_STRAT
ID_wtnoa66vm,Organic,41.1311246,24.8651675,"2/19/2026, 6:04:22 PM",DYT_STRAT
ID_e4jyfp3wt,Organic,41.1317226,24.8652041,"2/19/2026, 6:04:58 PM",DYT_STRAT
ID_zr74u40wr,Recycle,41.1317226,24.8652041,"2/19/2026, 6:04:59 PM",DYT_STRAT
ID_ncb1pj68w,Trash,41.1317689,24.8659722,"2/19/2026, 6:05:07 PM",DYT_STRAT
ID_nd3tbug8b,Trash,41.1317869,24.8662248,"2/19/2026, 6:05:12 PM",DYT_STRAT
ID_7e89657p4,Trash,41.1329305,24.8649941,"2/19/2026, 6:06:18 PM",DYT_STRAT
ID_5dcm5nt0t,Recycle,41.1330017,24.8659536,"2/19/2026, 6:06:26 PM",DYT_STRAT
ID_lelhxd9rx,Trash,41.1330017,24.8659536,"2/19/2026, 6:06:27 PM",DYT_STRAT
ID_xcbou8vbm,Trash,41.1330017,24.8659536,"2/19/2026, 6:06:27 PM",DYT_STRAT
ID_d9nj7k2i4,Trash,41.1336101,24.8685455,"2/19/2026, 6:07:05 PM",DYT_STRAT
ID_iwqphrckc,Trash,41.1336101,24.8685455,"2/19/2026, 6:07:06 PM",DYT_STRAT
ID_0pt3qmpg6,Recycle,41.1336101,24.8685455,"2/19/2026, 6:07:06 PM",DYT_STRAT
ID_dwmqswwsg,Trash,41.1342222,24.8667593,"2/19/2026, 6:08:10 PM",DYT_STRAT
ID_fzh8mmjmn,Recycle,41.1342222,24.8667593,"2/19/2026, 6:08:10 PM",DYT_STRAT
ID_rav1k968b,Trash,41.1341743,24.8657799,"2/19/2026, 6:08:19 PM",DYT_STRAT
ID_1arvxfjuj,Trash,41.1340736,24.8643697,"2/19/2026, 6:08:39 PM",DYT_STRAT
ID_mxfjvnl5y,Recycle,41.1335077,24.8658542,"2/19/2026, 6:09:39 PM",DYT_STRAT
ID_32p5icq6h,Trash,41.1335077,24.8658542,"2/19/2026, 6:09:40 PM",DYT_STRAT
ID_rza4ctaiu,Recycle,41.1325338,24.8649563,"2/19/2026, 6:10:07 PM",DYT_STRAT
ID_aemawtgfq,Recycle,41.1325338,24.8649563,"2/19/2026, 6:10:07 PM",DYT_STRAT
ID_7znkm5qdt,Recycle,41.1325338,24.8649563,"2/19/2026, 6:10:08 PM",DYT_STRAT
ID_wpqxqlx9c,Recycle,41.1325338,24.8649563,"2/19/2026, 6:10:08 PM",DYT_STRAT
ID_cllngzofv,Trash,41.1325338,24.8649563,"2/19/2026, 6:10:09 PM",DYT_STRAT
ID_fjxk26l80,Trash,41.1335579,24.8648466,"2/19/2026, 6:10:22 PM",DYT_STRAT
ID_rdpapsqmm,Trash,41.1335579,24.8648466,"2/19/2026, 6:10:23 PM",DYT_STRAT
ID_kcbpbavsh,Recycle,41.1335579,24.8648466,"2/19/2026, 6:10:23 PM",DYT_STRAT
ID_u7j7nc6x0,Recycle,41.1340536,24.8647882,"2/19/2026, 6:10:32 PM",DYT_STRAT
ID_bx5w433s1,Trash,41.1343492,24.8647559,"2/19/2026, 6:10:45 PM",DYT_STRAT
ID_i2va75xw2,Recycle,41.1347984,24.8646748,"2/19/2026, 6:10:52 PM",DYT_STRAT
ID_n7sqeyn58,Trash,41.1347984,24.8646748,"2/19/2026, 6:10:52 PM",DYT_STRAT
ID_b1wfmpv2x,Trash,41.1353125,24.8646214,"2/19/2026, 6:11:16 PM",DYT_STRAT
ID_nxngau2ps,Trash,41.1382075,24.8742545,"2/19/2026, 6:12:29 PM",DYT_STRAT
ID_jpx7uzugp,Trash,41.1382075,24.8742545,"2/19/2026, 6:12:30 PM",DYT_STRAT
ID_kquakd6qk,Organic,41.1387736,24.8735182,"2/19/2026, 6:12:42 PM",DYT_STRAT
ID_bzk4do5kz,Trash,41.139208,24.8730588,"2/19/2026, 6:12:51 PM",DYT_STRAT
ID_betxmwkq4,Trash,41.1394993,24.8725916,"2/19/2026, 6:12:57 PM",DYT_STRAT
ID_z7sznqlvo,Trash,41.1273885,24.8812352,"2/20/2026, 5:16:40 PM",XANTHI
ID_kw79yat33,Trash,41.1275654,24.8812402,"2/20/2026, 5:16:43 PM",XANTHI
ID_z280whsg6,Recycle,41.1275654,24.8812402,"2/20/2026, 5:16:47 PM",XANTHI
ID_na7weqbcv,Trash,41.1277595,24.8812741,"2/20/2026, 5:16:54 PM",XANTHI
ID_ioiu8nyzf,Trash,41.128137,24.8812984,"2/20/2026, 5:17:01 PM",XANTHI
ID_xej7yph3p,Recycle,41.1286851,24.8813337,"2/20/2026, 5:17:10 PM",XANTHI
ID_4lhidl4x4,Trash,41.1286851,24.8813337,"2/20/2026, 5:17:10 PM",XANTHI
ID_8c3f1ual6,Trash,41.1298416,24.8813838,"2/20/2026, 5:17:35 PM",XANTHI
ID_p3wsla1js,Recycle,41.1298416,24.8813838,"2/20/2026, 5:17:36 PM",XANTHI
ID_rkwut5x5x,Trash,41.1305761,24.8814692,"2/20/2026, 5:17:50 PM",XANTHI
ID_sw4d4dhso,Trash,41.1309415,24.8814866,"2/20/2026, 5:17:57 PM",XANTHI
ID_rofmgvbhi,Trash,41.1309415,24.8814866,"2/20/2026, 5:17:59 PM",XANTHI
ID_bfd6dapim,Trash,41.1316027,24.881529,"2/20/2026, 5:18:06 PM",XANTHI
ID_brhyep90y,Recycle,41.1337463,24.8816322,"2/20/2026, 5:18:29 PM",XANTHI
ID_jsrqlilay,Trash,41.1337463,24.8816322,"2/20/2026, 5:18:30 PM",XANTHI
ID_9nwuyn1wv,Trash,41.1340395,24.8806016,"2/20/2026, 5:19:01 PM",XANTHI
ID_rptpchxf3,Recycle,41.1340527,24.8803459,"2/20/2026, 5:19:08 PM",XANTHI
ID_x18zvqiow,Organic,41.1278175,24.8806828,"2/20/2026, 5:20:12 PM",XANTHI
ID_tofv92nni,Recycle,41.1278175,24.8806828,"2/20/2026, 5:20:12 PM",XANTHI
ID_ejavtpkbv,Recycle,41.1284703,24.8807613,"2/20/2026, 5:20:24 PM",XANTHI
ID_kopydn3xz,Recycle,41.1284703,24.8807613,"2/20/2026, 5:20:24 PM",XANTHI
ID_fboer0ord,Trash,41.1298373,24.8808503,"2/20/2026, 5:20:50 PM",XANTHI
ID_m2rfnz7pm,Trash,41.1298373,24.8808503,"2/20/2026, 5:20:51 PM",XANTHI
ID_a4g6ph2d8,Recycle,41.1301997,24.8809251,"2/20/2026, 5:21:28 PM",XANTHI
ID_r10y9rml0,Recycle,41.1301997,24.8809251,"2/20/2026, 5:21:29 PM",XANTHI
ID_4ygn1212f,Recycle,41.1301997,24.8809251,"2/20/2026, 5:21:30 PM",XANTHI
ID_wf6e79gpy,Trash,41.1301941,24.8810397,"2/20/2026, 5:21:39 PM",XANTHI
ID_y7is35l2v,Organic,41.1301941,24.8810397,"2/20/2026, 5:21:39 PM",XANTHI
ID_2768ht22d,Trash,41.1301941,24.8810397,"2/20/2026, 5:21:40 PM",XANTHI
ID_4owv3mppx,Trash,41.1302663,24.8792943,"2/20/2026, 5:22:09 PM",XANTHI
ID_da9s55c99,Trash,41.1303307,24.8777775,"2/20/2026, 5:22:30 PM",XANTHI
ID_j38int72o,Trash,41.1301402,24.8784143,"2/20/2026, 5:22:46 PM",XANTHI
ID_1iiwiv0lp,Recycle,41.1301402,24.8784143,"2/20/2026, 5:22:46 PM",XANTHI
ID_sggi4g0vb,Recycle,41.1301402,24.8784143,"2/20/2026, 5:22:47 PM",XANTHI
ID_lajnmyliu,Trash,41.129418,24.8784176,"2/20/2026, 5:23:00 PM",XANTHI
ID_l25fys0vk,Trash,41.1289445,24.8783716,"2/20/2026, 5:23:12 PM",XANTHI
ID_3pbsidouz,Recycle,41.1289445,24.8783716,"2/20/2026, 5:23:13 PM",XANTHI
ID_1kj7j94iz,Recycle,41.1284606,24.8787784,"2/20/2026, 5:23:25 PM",XANTHI
ID_axyx6yw7x,Trash,41.1284606,24.8787784,"2/20/2026, 5:23:26 PM",XANTHI
ID_vbqumo9eq,Trash,41.1284606,24.8787784,"2/20/2026, 5:23:26 PM",XANTHI
ID_5yruvcf30,Recycle,41.1284346,24.8800101,"2/20/2026, 5:23:52 PM",XANTHI
ID_u8ipub2kq,Recycle,41.1284346,24.8800101,"2/20/2026, 5:23:52 PM",XANTHI
ID_qhh05l9c8,Trash,41.1298231,24.8790185,"2/20/2026, 5:24:32 PM",XANTHI
ID_lh01np5ze,Trash,41.1292856,24.8789825,"2/20/2026, 5:24:39 PM",XANTHI
ID_stxcbtncy,Trash,41.1292856,24.8789825,"2/20/2026, 5:24:39 PM",XANTHI
ID_f5nku74a3,Trash,41.128322,24.8789127,"2/20/2026, 5:24:52 PM",XANTHI
ID_pmziz2x0b,Trash,41.128322,24.8789127,"2/20/2026, 5:24:52 PM",XANTHI
ID_veedftqq8,Trash,41.1279504,24.8789142,"2/20/2026, 5:24:57 PM",XANTHI
ID_pvitx8vms,Trash,41.1277659,24.8793671,"2/20/2026, 5:25:05 PM",XANTHI
ID_7rqjkqorw,Trash,41.1277659,24.8793671,"2/20/2026, 5:25:05 PM",XANTHI
ID_iilosuuqe,Trash,41.1277078,24.8804278,"2/20/2026, 5:25:32 PM",XANTHI
ID_4uaom37nk,Trash,41.1301228,24.8796371,"2/20/2026, 5:26:12 PM",XANTHI
ID_lm7yya0ia,Trash,41.1301228,24.8796371,"2/20/2026, 5:26:12 PM",XANTHI
ID_3gac77bms,Recycle,41.1301228,24.8796371,"2/20/2026, 5:26:13 PM",XANTHI
ID_gry9t36ve,Recycle,41.1301228,24.8796371,"2/20/2026, 5:26:13 PM",XANTHI
ID_6ygzrfbrc,Trash,41.1298583,24.8796181,"2/20/2026, 5:26:21 PM",XANTHI
ID_gesojf3h2,Trash,41.1298583,24.8796181,"2/20/2026, 5:26:21 PM",XANTHI
ID_nb5piis7l,Recycle,41.1294402,24.8796034,"2/20/2026, 5:26:29 PM",XANTHI
ID_80da4fvpg,Recycle,41.1294402,24.8796034,"2/20/2026, 5:26:29 PM",XANTHI
ID_14fof5ca3,Trash,41.1294402,24.8796034,"2/20/2026, 5:26:30 PM",XANTHI
ID_0b9574dtn,Trash,41.1292342,24.8795976,"2/20/2026, 5:26:34 PM",XANTHI
ID_f7vz66g6w,Recycle,41.1287782,24.879565,"2/20/2026, 5:26:40 PM",XANTHI
ID_e7memqvm8,Trash,41.1285063,24.8795361,"2/20/2026, 5:26:46 PM",XANTHI
ID_q64ulbwbf,Recycle,41.1285063,24.8795361,"2/20/2026, 5:26:46 PM",XANTHI
ID_bsdotl6ao,Trash,41.1270885,24.879651,"2/20/2026, 5:27:17 PM",XANTHI
ID_ss62z14pv,Recycle,41.1270181,24.8798821,"2/20/2026, 5:27:20 PM",XANTHI
ID_nukn51fp9,Recycle,41.1270181,24.8798821,"2/20/2026, 5:27:21 PM",XANTHI
ID_5qeymk069,Trash,41.1270181,24.8798821,"2/20/2026, 5:27:21 PM",XANTHI
ID_69cix8lim,Recycle,41.1269216,24.880587,"2/20/2026, 5:27:40 PM",XANTHI
ID_96nps0ic2,Trash,41.1269216,24.880587,"2/20/2026, 5:27:42 PM",XANTHI
ID_g3dv868ef,Trash,41.1269216,24.880587,"2/20/2026, 5:27:43 PM",XANTHI
ID_ui3rd11u6,Organic,41.1278175,24.8806828,"2/20/2026, 5:28:17 PM",XANTHI
ID_vkj1ydpgm,Recycle,41.1278175,24.8806828,"2/20/2026, 5:28:21 PM",XANTHI
ID_g3b33zgta,Trash,41.128457,24.8801366,"2/20/2026, 5:29:58 PM",XANTHI
ID_l6yv6wrwc,Trash,41.128457,24.8801366,"2/20/2026, 5:29:58 PM",XANTHI
ID_b2ajtnu70,Recycle,41.1290251,24.880169,"2/20/2026, 5:30:05 PM",XANTHI
ID_jpnqotu9l,Trash,41.1290251,24.880169,"2/20/2026, 5:30:06 PM",XANTHI
ID_iwk1pysyr,Trash,41.129513,24.8801989,"2/20/2026, 5:30:12 PM",XANTHI
ID_c0rfpqhbx,Trash,41.1297897,24.8802318,"2/20/2026, 5:30:16 PM",XANTHI
ID_ys16y7fnz,Recycle,41.1292748,24.8809653,"2/20/2026, 5:31:16 PM",XANTHI
ID_t6udrw6jj,Recycle,41.1292748,24.8809653,"2/20/2026, 5:31:16 PM",XANTHI
ID_9wqy5o849,Recycle,41.1292748,24.8809653,"2/20/2026, 5:31:17 PM",XANTHI
ID_xcwkhq0gm,Trash,41.1335625,24.8795084,"2/20/2026, 5:35:03 PM",XANTHI
ID_hi2fec1ug,Trash,41.1333855,24.8794953,"2/20/2026, 5:35:06 PM",XANTHI
ID_mxouat5hh,Trash,41.1333855,24.8794953,"2/20/2026, 5:35:06 PM",XANTHI
ID_znczwlp90,Trash,41.1327641,24.8794459,"2/20/2026, 5:35:13 PM",XANTHI
ID_oumkfvove,Trash,41.1327641,24.8794459,"2/20/2026, 5:35:13 PM",XANTHI
ID_z0h95fiau,Trash,41.1327641,24.8794459,"2/20/2026, 5:35:14 PM",XANTHI
ID_i3yqypy0s,Trash,41.1324164,24.8794227,"2/20/2026, 5:35:27 PM",XANTHI
ID_gq58l29al,Trash,41.1324164,24.8794227,"2/20/2026, 5:35:28 PM",XANTHI
ID_h784g5xqk,Trash,41.1317582,24.879876,"2/20/2026, 5:35:46 PM",XANTHI
ID_q7bk4ulcj,Trash,41.1317582,24.879876,"2/20/2026, 5:35:47 PM",XANTHI
ID_tiklgyyrn,Trash,41.1317448,24.8802162,"2/20/2026, 5:35:53 PM",XANTHI
ID_lxqfvsn9q,Trash,41.1317448,24.8802162,"2/20/2026, 5:35:54 PM",XANTHI
ID_tkjspxfkh,Trash,41.1317348,24.8808405,"2/20/2026, 5:36:06 PM",XANTHI
ID_ffz2r6h2p,Trash,41.1317107,24.8811988,"2/20/2026, 5:36:16 PM",XANTHI
ID_jxpbxcyou,Trash,41.1317107,24.8811988,"2/20/2026, 5:36:16 PM",XANTHI
ID_jgrh8ez6u,Trash,41.1317107,24.8811988,"2/20/2026, 5:36:16 PM",XANTHI
ID_hhzccy46c,Trash,41.1337227,24.8804616,"2/20/2026, 5:37:38 PM",XANTHI
ID_ycsu9krzb,Trash,41.1337227,24.8804616,"2/20/2026, 5:37:38 PM",XANTHI
ID_nee1pjf8l,Trash,41.1332707,24.8804319,"2/20/2026, 5:37:44 PM",XANTHI
ID_9axfhjfji,Trash,41.1327385,24.8804161,"2/20/2026, 5:38:00 PM",XANTHI
ID_u8ztgls5k,Trash,41.1327385,24.8804161,"2/20/2026, 5:38:00 PM",XANTHI
ID_excve1ybi,Trash,41.1324064,24.8803859,"2/20/2026, 5:38:09 PM",XANTHI
ID_sdnpm8iqn,Trash,41.1323144,24.8803804,"2/20/2026, 5:38:11 PM",XANTHI
ID_mvzpajsnd,Trash,41.1338669,24.881098,"2/20/2026, 5:38:27 PM",XANTHI
ID_3zm0jsfgh,Trash,41.1337046,24.8810818,"2/20/2026, 5:38:35 PM",XANTHI
ID_r69sm0jua,Trash,41.1333471,24.8810428,"2/20/2026, 5:38:43 PM",XANTHI
ID_sutncive0,Trash,41.1333471,24.8810428,"2/20/2026, 5:38:43 PM",XANTHI
ID_tk4mlhcap,Trash,41.1327751,24.8810122,"2/20/2026, 5:38:50 PM",XANTHI
ID_tkiirvdpl,Trash,41.1325842,24.8809977,"2/20/2026, 5:39:03 PM",XANTHI
ID_5zklrwg4w,Trash,41.1325842,24.8809977,"2/20/2026, 5:39:04 PM",XANTHI
ID_lkph6ph5n,Trash,41.1319513,24.8809463,"2/20/2026, 5:39:12 PM",XANTHI
ID_n15887fj9,Trash,41.1319513,24.8809463,"2/20/2026, 5:39:12 PM",XANTHI
ID_tfdbnlp73,Recycle,41.1341759,24.8816712,"2/20/2026, 5:43:02 PM",XANTHI
ID_74g51zu4b,Trash,41.1341759,24.8816712,"2/20/2026, 5:43:02 PM",XANTHI
ID_jpdcnd4o3,Trash,41.1341759,24.8816712,"2/20/2026, 5:43:03 PM",XANTHI
ID_8hvqqteax,Trash,41.1356848,24.8818879,"2/20/2026, 5:43:41 PM",XANTHI
ID_xdi5xdrgn,Trash,41.1356848,24.8818879,"2/20/2026, 5:43:41 PM",XANTHI
ID_cnf26recq,Trash,41.135898,24.8819005,"2/20/2026, 5:43:54 PM",XANTHI
ID_rzmbu90yy,Trash,41.135898,24.8819005,"2/20/2026, 5:43:55 PM",XANTHI
ID_qgw3dqs0o,Recycle,41.1373191,24.8817423,"2/20/2026, 5:44:28 PM",XANTHI
ID_fmh0oufcw,Recycle,41.1373289,24.8801998,"2/20/2026, 5:45:02 PM",XANTHI
ID_7p58u0iej,Trash,41.1373289,24.8801998,"2/20/2026, 5:45:03 PM",XANTHI
ID_oyeu12zfr,Trash,41.1373289,24.8801998,"2/20/2026, 5:45:03 PM",XANTHI
ID_g10e50d44,Trash,41.136693,24.8796113,"2/20/2026, 5:48:18 PM",XANTHI
ID_g6juvgns1,Trash,41.136693,24.8796113,"2/20/2026, 5:48:19 PM",XANTHI
ID_t7vvc3fld,Trash,41.136693,24.8796113,"2/20/2026, 5:48:19 PM",XANTHI
ID_wtz2n3fpz,Recycle,41.135915,24.8795046,"2/20/2026, 5:48:35 PM",XANTHI
ID_vsw9kxu3r,Trash,41.135656,24.8794879,"2/20/2026, 5:48:41 PM",XANTHI
ID_fwjoewamq,Recycle,41.1354745,24.8794639,"2/20/2026, 5:48:45 PM",XANTHI
ID_4v5tyc6lg,Trash,41.1353816,24.8794537,"2/20/2026, 5:48:47 PM",XANTHI
ID_7803cs48w,Trash,41.1352883,24.8794432,"2/20/2026, 5:48:49 PM",XANTHI
ID_nw007vlkc,Trash,41.1351273,24.8794251,"2/20/2026, 5:48:52 PM",XANTHI
ID_xeot6ukex,Recycle,41.1366656,24.8801306,"2/20/2026, 5:49:44 PM",XANTHI
ID_wlc5mnipi,Trash,41.1364147,24.8801846,"2/20/2026, 5:49:54 PM",XANTHI
ID_wkd1unsbt,Trash,41.1361178,24.8801537,"2/20/2026, 5:49:59 PM",XANTHI
ID_819rh8h36,Recycle,41.1359326,24.8801315,"2/20/2026, 5:50:03 PM",XANTHI
ID_svi86g9iw,Trash,41.135529,24.8800809,"2/20/2026, 5:50:11 PM",XANTHI
ID_8n298c2ej,Trash,41.1353464,24.8800563,"2/20/2026, 5:50:15 PM",XANTHI
ID_25c8tmi18,Trash,41.1348936,24.8799841,"2/20/2026, 5:50:25 PM",XANTHI
ID_ojeu4vzof,Trash,41.134613,24.8799702,"2/20/2026, 5:50:30 PM",XANTHI
ID_7cw6c6um2,Trash,41.134613,24.8799702,"2/20/2026, 5:50:30 PM",XANTHI
ID_n0me3hv71,Trash,41.134342,24.8799359,"2/20/2026, 5:50:35 PM",XANTHI
ID_v9n0im9ub,Trash,41.1341252,24.8798734,"2/20/2026, 5:50:46 PM",XANTHI
ID_sz1mdrnr6,Trash,41.1341252,24.8798734,"2/20/2026, 5:50:47 PM",XANTHI
ID_zs0ospq1w,Recycle,41.1341252,24.8798734,"2/20/2026, 5:50:47 PM",XANTHI
ID_2bn5hla7l,Trash,41.1374087,24.8809043,"2/20/2026, 5:50:58 PM",XANTHI
ID_d9mftk0kg,Trash,41.1374087,24.8809043,"2/20/2026, 5:50:59 PM",XANTHI
ID_spbnxucga,Recycle,41.1374087,24.8809043,"2/20/2026, 5:50:59 PM",XANTHI
ID_ml1o3uxe7,Trash,41.1364915,24.880776,"2/20/2026, 5:51:14 PM",XANTHI
ID_7yfudj55v,Trash,41.1361265,24.8807329,"2/20/2026, 5:51:22 PM",XANTHI
ID_8shwwfwnk,Trash,41.1361265,24.8807329,"2/20/2026, 5:51:22 PM",XANTHI
ID_mz1l6udwc,Recycle,41.1361265,24.8807329,"2/20/2026, 5:51:23 PM",XANTHI
ID_0yjybqplv,Recycle,41.1355815,24.8806885,"2/20/2026, 5:51:31 PM",XANTHI
ID_zho9hcfch,Trash,41.1355815,24.8806885,"2/20/2026, 5:51:31 PM",XANTHI
ID_igfvpzf1q,Trash,41.1350291,24.8806123,"2/20/2026, 5:51:42 PM",XANTHI
ID_0yjishqmm,Trash,41.1350291,24.8806123,"2/20/2026, 5:51:42 PM",XANTHI
ID_977ezg7ax,Recycle,41.1350291,24.8806123,"2/20/2026, 5:51:43 PM",XANTHI
ID_mo2psqena,Trash,41.134575,24.8805674,"2/20/2026, 5:51:51 PM",XANTHI
ID_zbr93azsn,Trash,41.134575,24.8805674,"2/20/2026, 5:51:51 PM",XANTHI
ID_x7nnpyys6,Trash,41.1363067,24.8813812,"2/20/2026, 5:58:47 PM",XANTHI
ID_r2wb27dns,Trash,41.13622,24.8813705,"2/20/2026, 5:58:57 PM",XANTHI
ID_z5cbgg6tg,Recycle,41.135723,24.8813098,"2/20/2026, 5:59:08 PM",XANTHI
ID_3tdmfpz9g,Trash,41.1353554,24.8812652,"2/20/2026, 5:59:18 PM",XANTHI
ID_ayb50arek,Trash,41.1351736,24.8812469,"2/20/2026, 5:59:22 PM",XANTHI
ID_sf99insgp,Trash,41.1347144,24.8811922,"2/20/2026, 5:59:37 PM",XANTHI
ID_0sci56nij,Trash,41.1342575,24.8811321,"2/20/2026, 5:59:43 PM",XANTHI
ID_meobvagbj,Recycle,41.1342575,24.8811321,"2/20/2026, 5:59:44 PM",XANTHI
ID_qvlladbdo,Trash,41.1348708,24.8816283,"2/20/2026, 6:00:33 PM",XANTHI
ID_3oqkfhlof,Trash,41.13492,24.8810387,"2/20/2026, 6:00:46 PM",XANTHI
ID_x0lm5cb02,Recycle,41.13492,24.8810387,"2/20/2026, 6:00:47 PM",XANTHI
ID_13ntr869v,Trash,41.1349357,24.880802,"2/20/2026, 6:00:53 PM",XANTHI
ID_5k7w22zgf,Trash,41.1358573,24.8804481,"2/20/2026, 6:01:49 PM",XANTHI
ID_rdu4ylxal,Trash,41.1358573,24.8804481,"2/20/2026, 6:01:51 PM",XANTHI
ID_8gsr3wwfz,Trash,41.1359031,24.879781,"2/20/2026, 6:01:57 PM",XANTHI
ID_3b7t171n2,Trash,41.1359031,24.879781,"2/20/2026, 6:01:57 PM",XANTHI
ID_j40weyj0c,Trash,41.1364929,24.8829221,"2/20/2026, 6:02:12 PM",XANTHI
ID_6wvtulzam,Trash,41.1364929,24.8829221,"2/20/2026, 6:02:12 PM",XANTHI
ID_0g529xosa,Recycle,41.1365083,24.8826804,"2/20/2026, 6:02:20 PM",XANTHI
ID_mtjs4hg5o,Trash,41.1365083,24.8826804,"2/20/2026, 6:02:21 PM",XANTHI
ID_sngh4sy0o,Trash,41.1365221,24.8824359,"2/20/2026, 6:02:27 PM",XANTHI
ID_39rzrlb7z,Trash,41.1365307,24.8823094,"2/20/2026, 6:02:29 PM",XANTHI
ID_h5vmpge9m,Trash,41.1365307,24.8823094,"2/20/2026, 6:02:29 PM",XANTHI
ID_xm5y1abuh,Trash,41.1365434,24.8819861,"2/20/2026, 6:02:37 PM",XANTHI
ID_9cd7jjvrm,Trash,41.1365616,24.8818257,"2/20/2026, 6:02:42 PM",XANTHI
ID_2vfnqv43c,Trash,41.1365616,24.8818257,"2/20/2026, 6:02:42 PM",XANTHI
ID_aym53rbvv,Trash,41.1365748,24.8816003,"2/20/2026, 6:02:48 PM",XANTHI
ID_vlfcd0xg2,Trash,41.1365748,24.8816003,"2/20/2026, 6:02:48 PM",XANTHI
ID_s5zj4ptk3,Trash,41.1366005,24.8812197,"2/20/2026, 6:03:00 PM",XANTHI
ID_mvegfih8u,Trash,41.1366078,24.8810953,"2/20/2026, 6:03:03 PM",XANTHI
ID_adnevy491,Trash,41.1366185,24.8809304,"2/20/2026, 6:03:06 PM",XANTHI
ID_o83r6fna2,Trash,41.1366125,24.8807199,"2/20/2026, 6:03:08 PM",XANTHI
ID_d0kxiblae,Trash,41.1366509,24.8804414,"2/20/2026, 6:03:11 PM",XANTHI
ID_dz641cics,Trash,41.1366572,24.8803199,"2/20/2026, 6:03:13 PM",XANTHI
ID_cblg5gk9e,Trash,41.1366656,24.8801306,"2/20/2026, 6:03:16 PM",XANTHI
ID_s8zds8djw,Trash,41.13668,24.8798824,"2/20/2026, 6:03:19 PM",XANTHI
ID_g90nqe0be,Trash,41.1366854,24.8797682,"2/20/2026, 6:03:23 PM",XANTHI
ID_0aru8a8nr,Recycle,41.1374213,24.8828196,"2/20/2026, 6:05:40 PM",XANTHI
ID_rzt13jiny,Recycle,41.137185,24.8857277,"2/20/2026, 6:06:40 PM",XANTHI
ID_h7fd6giu3,Recycle,41.137185,24.8857277,"2/20/2026, 6:06:41 PM",XANTHI
ID_b2r55jk8e,Trash,41.137185,24.8857277,"2/20/2026, 6:06:42 PM",XANTHI
ID_eye5d7y09,Recycle,41.1368194,24.8856865,"2/20/2026, 6:07:11 PM",XANTHI
ID_uh2n9rjm7,Trash,41.1368194,24.8856865,"2/20/2026, 6:07:12 PM",XANTHI
ID_jwsxhuli3,Trash,41.1368194,24.8856865,"2/20/2026, 6:07:13 PM",XANTHI
ID_af9w2zcft,Recycle,41.1368194,24.8856865,"2/20/2026, 6:07:13 PM",XANTHI
ID_1l4bcqe21,Recycle,41.1357247,24.8854831,"2/20/2026, 6:07:35 PM",XANTHI
ID_pq44b244u,Recycle,41.1357247,24.8854831,"2/20/2026, 6:07:38 PM",XANTHI
ID_qfvh1kko6,Trash,41.1357247,24.8854831,"2/20/2026, 6:07:39 PM",XANTHI
ID_lno717uxc,Trash,41.1353627,24.8854228,"2/20/2026, 6:07:51 PM",XANTHI
ID_t2a0k7vgl,Recycle,41.1353627,24.8854228,"2/20/2026, 6:07:52 PM",XANTHI
ID_5lx8y3e45,Recycle,41.1353627,24.8854228,"2/20/2026, 6:07:52 PM",XANTHI
ID_6tstwue7b,Recycle,41.1349963,24.8853544,"2/20/2026, 6:07:59 PM",XANTHI
ID_wrnejwkgs,Trash,41.1349963,24.8853544,"2/20/2026, 6:08:00 PM",XANTHI
ID_lrli2z60y,Trash,41.1349963,24.8853544,"2/20/2026, 6:08:00 PM",XANTHI
ID_h5fwe1ini,Recycle,41.1345876,24.8853112,"2/20/2026, 6:08:06 PM",XANTHI
ID_e3i3qj0tg,Trash,41.1340962,24.8853214,"2/20/2026, 6:08:16 PM",XANTHI
ID_gifk00oa7,Trash,41.1340962,24.8853214,"2/20/2026, 6:08:16 PM",XANTHI
ID_6mh6d1e4e,Recycle,41.1340962,24.8853214,"2/20/2026, 6:08:17 PM",XANTHI
ID_fo4lqc6ic,Recycle,41.1340962,24.8853214,"2/20/2026, 6:08:17 PM",XANTHI
ID_hdb2r9fpr,Trash,41.1338942,24.8846834,"2/20/2026, 6:09:08 PM",XANTHI
ID_dn6yi9wir,Trash,41.1338942,24.8846834,"2/20/2026, 6:09:08 PM",XANTHI
ID_v73rvotwv,Recycle,41.1338942,24.8846834,"2/20/2026, 6:09:09 PM",XANTHI
ID_w4z3g66z5,Trash,41.1339062,24.8843137,"2/20/2026, 6:09:21 PM",XANTHI
ID_6bfynsuhz,Trash,41.1339062,24.8843137,"2/20/2026, 6:09:21 PM",XANTHI
ID_dtph52afn,Recycle,41.1339062,24.8843137,"2/20/2026, 6:09:22 PM",XANTHI
ID_g765xjnyd,Trash,41.1339576,24.8829562,"2/20/2026, 6:09:38 PM",XANTHI
ID_pux05u9o7,Trash,41.1339576,24.8829562,"2/20/2026, 6:09:38 PM",XANTHI
ID_zujlyubr7,Recycle,41.1339576,24.8829562,"2/20/2026, 6:09:38 PM",XANTHI
ID_zwlu3fwl8,Recycle,41.1340231,24.8827853,"2/20/2026, 6:09:43 PM",XANTHI
ID_q9j8ru2fw,Trash,41.1340231,24.8827853,"2/20/2026, 6:09:44 PM",XANTHI
ID_jhkww08el,Trash,41.1340231,24.8827853,"2/20/2026, 6:09:44 PM",XANTHI
ID_7d81f46fy,Trash,41.1362675,24.8825614,"2/20/2026, 6:11:09 PM",XANTHI
ID_0or0uhaxk,Trash,41.1359997,24.8825208,"2/20/2026, 6:11:14 PM",XANTHI
ID_w4htveq8c,Recycle,41.1358103,24.8824977,"2/20/2026, 6:11:23 PM",XANTHI
ID_opo1n0lgr,Trash,41.1358103,24.8824977,"2/20/2026, 6:11:23 PM",XANTHI
ID_sqqhav8fw,Trash,41.1358103,24.8824977,"2/20/2026, 6:11:25 PM",XANTHI
ID_gwo9orf9s,Recycle,41.134952,24.8823899,"2/20/2026, 6:11:43 PM",XANTHI
ID_nac7m6m3p,Trash,41.134952,24.8823899,"2/20/2026, 6:11:43 PM",XANTHI
ID_oxsbtnk20,Recycle,41.1341511,24.8822829,"2/20/2026, 6:12:00 PM",XANTHI
ID_m3swczrw2,Trash,41.1341511,24.8822829,"2/20/2026, 6:12:01 PM",XANTHI
ID_n6qpt6un8,Trash,41.1341511,24.8822829,"2/20/2026, 6:12:01 PM",XANTHI
ID_ud42rsz1q,Trash,41.1374977,24.883305,"2/20/2026, 6:12:14 PM",XANTHI
ID_igpyz9dwa,Recycle,41.1374977,24.883305,"2/20/2026, 6:12:14 PM",XANTHI
ID_9a7k6wq5v,Trash,41.1369587,24.8832242,"2/20/2026, 6:12:23 PM",XANTHI
ID_f0h5m41z0,Recycle,41.1366842,24.8831987,"2/20/2026, 6:12:35 PM",XANTHI
ID_mp89o9far,Trash,41.1361436,24.8831374,"2/20/2026, 6:12:46 PM",XANTHI
ID_nz323sl19,Trash,41.135964,24.8831118,"2/20/2026, 6:12:55 PM",XANTHI
ID_5fawyll0f,Recycle,41.1355898,24.8830801,"2/20/2026, 6:13:02 PM",XANTHI
ID_2msd4dokp,Trash,41.1354991,24.8830644,"2/20/2026, 6:13:03 PM",XANTHI
ID_5808gx2qq,Trash,41.1352174,24.8830362,"2/20/2026, 6:13:35 PM",XANTHI
ID_qp05oowcq,Trash,41.1352174,24.8830362,"2/20/2026, 6:13:35 PM",XANTHI
ID_nfl8oweq0,Recycle,41.1349499,24.8830049,"2/20/2026, 6:13:46 PM",XANTHI
ID_puetg5unj,Trash,41.1375222,24.8841143,"2/20/2026, 6:14:24 PM",XANTHI
ID_pmmod8otx,Recycle,41.1375222,24.8841143,"2/20/2026, 6:14:25 PM",XANTHI
ID_l4pta3579,Recycle,41.1375222,24.8841143,"2/20/2026, 6:14:25 PM",XANTHI
ID_eteqelfb1,Trash,41.1366641,24.8838138,"2/20/2026, 6:14:45 PM",XANTHI
ID_zgieji4w5,Recycle,41.1364804,24.8837904,"2/20/2026, 6:14:50 PM",XANTHI
ID_8qvxkb7yu,Recycle,41.1364804,24.8837904,"2/20/2026, 6:14:51 PM",XANTHI
ID_xk5nyonna,Organic,41.1362116,24.8837581,"2/20/2026, 6:14:57 PM",XANTHI
ID_s3bloos5j,Trash,41.1359331,24.8837219,"2/20/2026, 6:15:03 PM",XANTHI
ID_ii3rfj6j7,Trash,41.1357474,24.8836992,"2/20/2026, 6:15:12 PM",XANTHI
ID_6r9owq0ei,Trash,41.1351307,24.883628,"2/20/2026, 6:15:21 PM",XANTHI
ID_8rbl0xkai,Trash,41.1351307,24.883628,"2/20/2026, 6:15:22 PM",XANTHI
ID_a48mgpuqr,Recycle,41.1351307,24.883628,"2/20/2026, 6:15:22 PM",XANTHI
ID_j13rixqb8,Trash,41.1348535,24.8835913,"2/20/2026, 6:15:30 PM",XANTHI
ID_0zhwjlsne,Recycle,41.1348535,24.8835913,"2/20/2026, 6:15:30 PM",XANTHI
ID_voclkgjw4,Recycle,41.1346724,24.8835445,"2/20/2026, 6:15:35 PM",XANTHI
ID_zwwugrv0r,Trash,41.1343962,24.8835114,"2/20/2026, 6:15:42 PM",XANTHI
ID_k8gjipsgk,Trash,41.1343049,24.8834999,"2/20/2026, 6:15:44 PM",XANTHI
ID_3fykgqcyw,Recycle,41.1343049,24.8834999,"2/20/2026, 6:15:44 PM",XANTHI
ID_9iqyx7smk,Recycle,41.1363194,24.885472,"2/20/2026, 6:16:18 PM",XANTHI
ID_sxzzhkhag,Recycle,41.1363194,24.885472,"2/20/2026, 6:16:18 PM",XANTHI
ID_jofljev4z,Trash,41.1363245,24.8853567,"2/20/2026, 6:16:20 PM",XANTHI
ID_i1x3257gx,Trash,41.1363549,24.8849262,"2/20/2026, 6:16:27 PM",XANTHI
ID_w7lz1r8u9,Trash,41.1363621,24.884804,"2/20/2026, 6:16:38 PM",XANTHI
ID_62z2q3ua0,Trash,41.1363989,24.8841191,"2/20/2026, 6:16:50 PM",XANTHI
ID_lprb7homm,Trash,41.1363989,24.8841191,"2/20/2026, 6:16:51 PM",XANTHI
ID_0jspnkqn3,Trash,41.1364402,24.8836561,"2/20/2026, 6:16:58 PM",XANTHI
ID_lxf8hlqhc,Recycle,41.1364567,24.8834134,"2/20/2026, 6:17:04 PM",XANTHI
ID_cyzhnpzi3,Trash,41.1364683,24.8832962,"2/20/2026, 6:17:08 PM",XANTHI
ID_q43qkk5qu,Trash,41.1364929,24.8829221,"2/20/2026, 6:17:16 PM",XANTHI
ID_q4t2mfp6w,Trash,41.1364929,24.8829221,"2/20/2026, 6:17:16 PM",XANTHI
ID_u47xdd9ks,Trash,41.1365083,24.8826804,"2/20/2026, 6:17:20 PM",XANTHI
ID_0cmngafm1,Recycle,41.1365083,24.8826804,"2/20/2026, 6:17:20 PM",XANTHI
ID_ntojeiaiu,Trash,41.1365221,24.8824359,"2/20/2026, 6:17:26 PM",XANTHI
ID_dantuziw9,Trash,41.1365307,24.8823094,"2/20/2026, 6:17:35 PM",XANTHI
ID_1b4k93giy,Trash,41.1365307,24.8823094,"2/20/2026, 6:17:37 PM",XANTHI
ID_akp6ydr32,Trash,41.1365429,24.88216,"2/20/2026, 6:17:41 PM",XANTHI
ID_8sbjzlvdk,Trash,41.1365434,24.8819861,"2/20/2026, 6:17:45 PM",XANTHI
ID_8dnlod4rg,Trash,41.1365616,24.8818257,"2/20/2026, 6:17:47 PM",XANTHI
ID_qsgjkgyjy,Trash,41.1359067,24.8851781,"2/20/2026, 6:18:18 PM",XANTHI
ID_tp5pqz4pg,Trash,41.1359207,24.8850512,"2/20/2026, 6:18:19 PM",XANTHI
ID_pp426qitz,Trash,41.1359679,24.884565,"2/20/2026, 6:18:26 PM",XANTHI
ID_lzjorr0tg,Trash,41.1359679,24.884565,"2/20/2026, 6:18:26 PM",XANTHI
ID_yat5y2ebs,Recycle,41.1359679,24.884565,"2/20/2026, 6:18:27 PM",XANTHI
ID_fictp1bll,Trash,41.13598,24.8842007,"2/20/2026, 6:18:37 PM",XANTHI
ID_jhfl47xqg,Trash,41.13598,24.8842007,"2/20/2026, 6:18:38 PM",XANTHI
ID_h0z9rpu8c,Trash,41.1355112,24.8853802,"2/20/2026, 6:19:04 PM",XANTHI
ID_rxq2gptbb,Trash,41.1355401,24.8848991,"2/20/2026, 6:19:10 PM",XANTHI
ID_6muhge7bk,Trash,41.1356914,24.8827751,"2/20/2026, 6:19:50 PM",XANTHI
ID_lbewxrpub,Recycle,41.1348539,24.8818808,"2/20/2026, 6:21:53 PM",XANTHI
ID_co83ae8hk,Trash,41.1348539,24.8818808,"2/20/2026, 6:21:53 PM",XANTHI
ID_rm5a69p8b,Trash,41.1347721,24.8829688,"2/20/2026, 6:22:08 PM",XANTHI
ID_bx0ytwmut,Trash,41.1347721,24.8829688,"2/20/2026, 6:22:08 PM",XANTHI
ID_icolq8w4f,Recycle,41.1347721,24.8829688,"2/20/2026, 6:22:09 PM",XANTHI
ID_gm0dooq98,Trash,41.1347728,24.8830899,"2/20/2026, 6:22:10 PM",XANTHI
ID_aqizdarhm,Trash,41.1347585,24.8848733,"2/20/2026, 6:22:33 PM",XANTHI
ID_1bvzgsmso,Trash,41.1341626,24.8847589,"2/20/2026, 6:23:44 PM",XANTHI
ID_hmm0a2cj4,Trash,41.1341626,24.8847589,"2/20/2026, 6:23:44 PM",XANTHI
ID_p6uhwvvv4,Trash,41.1347585,24.8848733,"2/20/2026, 6:24:50 PM",XANTHI
